{"cameraMode":{"drawMode":0,"name":"Shaded","section":"Shading Mode"},"sceneLighting":true,"audioPlay":false,"sceneViewState":{"m_AlwaysRefresh":false,"showFog":true,"showSkybox":true,"showFlares":true,"showImageEffects":true,"showParticleSystems":true,"showVisualEffectGraphs":true,"m_FxEnabled":true},"in2DMode":false,"pivot":{"x":-22.724445343017579,"y":10.29067611694336,"z":11.522598266601563},"rotation":{"x":0.12553641200065614,"y":-0.0452231727540493,"z":0.005728528834879398,"w":0.9910435676574707},"size":3.827036142349243,"orthographic":false}